Nome azienda,Città,Indirizzo,Email,Telefono,Campo di lavoro,Categoria,Sito
Agenzia Prima Pagina,Cesena,"Piazzale E. Vanoni, 100  47522 Cesena (FC)",amministrazione@agenziaprimapagina.it,0547 24284,Ufficio stampa,PR / Comunicazione,https://www.agenziaprimapagina.it/
La Madia Comunicazione,Cesena,"Via Giovanni Pacchioni, 365  47521 Cesena (FC)",,0547 23821,Ufficio stampa,PR / Comunicazione,https://www.lamadiacomunicazione.it/
Lelli & Associati srl,Cesena,"Via L. Longo, 65  47522 Cesena (FC)",lelli@lellieassociati.it,+39 0547 600642,Marketing B2B e comunicazione,PR / Comunicazione,https://www.lellieassociati.it/contatti/
Matilde Studio,Cesena,"Piazza Aguselli 14, 47521",info@matildestudio.com,0547 1901210,Comunicazione integrata e design,PR / Comunicazione,https://www.matildestudio.com/
Smarti,Cesena,"Via Aldini, 11  47521 Cesena (FC)",info@smarti.it,+39 0547 21 244,Agenzia comunicazione,PR / Comunicazione,https://www.smarti.it/contatti/
Studio Leonardo snc,Cesena,"Viale G. Oberdan, 674  47521 Cesena (FC)",info@studioleonardo.com,+39 0547 645303,Agenzia comunicazione,PR / Comunicazione,https://www.studioleonardo.com/contatti/
BRG communication S.R.L.,Cesenatico,"Via Leonardo da Vinci, 9  Cesenatico (FC)",info@brg.it,+39 0547 87244,Digital agency,PR / Comunicazione,https://www.brg.it/contattaci/
Living (Living sas),Cesenatico,"Via Squero, 63  Cesenatico (FC)",marketing@livingcesenatico.it,328 3631089,Comunicazione ufficio stampa social,PR / Comunicazione,https://livingcomunica.it/contatti/
Officina Creativa,Cesenatico,"Viale De Amicis, 34  47042 Cesenatico (FC)",info@on-net.it,0547 1908250,Comunicazione digitale e web agency,PR / Comunicazione,https://www.officina-creativa.it/
PorporaStudio,Cesenatico,"Viale Melozzo da Forlç, 19  47042 Cesenatico (FC)",info@porporastudio.com,+39 347 3178348,Grafica e web,PR / Comunicazione,https://www.porporastudio.com/
Omnia Comunicazione,Fano (PU),"Via Einaudi 74, 61032",info@omniacomunicazione.it,0721 855872,Comunicazione ufficio stampa eventi,PR / Comunicazione,https://www.omniacomunicazione.it/
Dexanet Pesaro,Pesaro,,,,Agenzia pubblicitÖ,PR / Comunicazione,https://www.dexanet.com/agenzia-pubblicita-pesaro/
Ohana Comunicazione,Pesaro,"Str. dei Platani, 61  61122 Pesaro (PU)",info@ohanacomunicazione.it,+39 350 568 0517,PubblicitÖ branding e comunicazione,PR / Comunicazione,https://ohanacomunicazione.it/contatti/
Pesaro Comunicazione,Pesaro,"Via Liguria, 77  61122 Pesaro (PU)",info@pesarocomunicazione.it,+39 0721 582145,Social media e comunicazione,PR / Comunicazione,https://www.pesarocomunicazione.it/contatti/
Quartopiano Comunicazione,Pesaro,"Via Barignani 68, 61121",info@quartopianocomunicazione.it,0721 67327,Web agency e comunicazione digitale,PR / Comunicazione,https://www.quartopianocomunicazione.it/
Studio 83 di Piovaticci Stefano,Pesaro,"Via Antonio Bracci, 14  61122 Pesaro (PU)",info@studio83pesaro.com,+39 0721 201498,Grafica pubblicitaria,PR / Comunicazione,https://www.studio83pesaro.it/contatti
EA Comunicazione Eventi,Riccione,"Via Adriatica, 83  47838 Riccione (RN)",info@eacomunicazione.it,0541 316207,Comunicazione eventi,PR / Comunicazione,https://www.eacomunicazione.it/contatti-ea-comunicazione-eventi/
In3pida,Riccione,"Viale Sardegna, 2/4  47838 Riccione (RN)",info@in3pida.it,350 1010623,Web marketing,PR / Comunicazione,https://www.in3pida.it/
Kreare.net,Riccione,"Viale Diaz, 1  47838 Riccione (RN)",info@kreare.net,0541 1648229,Marketing e comunicazione,PR / Comunicazione,https://www.kreare.net/
Pulse Immagine e Comunicazione,Riccione,"Via San Lorenzo 26, 47838",info@pulseonweb.com,339 3668683,Comunicazione PR e ufficio stampa,PR / Comunicazione,https://www.pulseonweb.com
Radio Bakery,Riccione,"Via Don Giovanni Minzoni, 11  47838 Riccione (RN)",info@radiobakery.it,0541 1740764,Content e digital,PR / Comunicazione,https://www.radiobakery.it/
Retorica Comunicazione snc,Riccione,"Viale Ceccarini, 200  47838 Riccione (RN)",info@retorica.net,+39 0541 691449,Marketing e comunicazione,PR / Comunicazione,https://www.retorica.net/contatti/
Tattica ? Progetti di comunicazione,Riccione,"Via Giulio Cesare, 91  Riccione (RN)",info@tatticadv.it,0541 613133,Agenzia comunicazione,PR / Comunicazione,https://www.tatticadv.it/contatti-tattica.html
Unconventional Studio,Riccione,"Piazzale della Stazione, 5  Riccione (RN)",info@unconventionalstudio.it,+39 339 6824132,Agenzia comunicazione,PR / Comunicazione,https://www.unconventionalstudio.it/contatti/
Agenzia NFC (Nuova Fonte Creativa),Rimini,,,,Agenzia creativa,PR / Comunicazione,http://www.agenzianfc.com
Agenzia Piras,Rimini,"Via Circonvallazione Nuova, 57/C  47923 Rimini (RN)",contact@agenziapiras.com,0541 776600,Comunicazione integrata e pubblicitÖ,PR / Comunicazione,https://www.tuttiaffari.com/agenzia-piras-comunicazione-e-marketing-0541-776600
Audio Tre,Rimini,,,,Agenzia comunicazione,PR / Comunicazione,https://audiotre.com
Fucina798,Rimini,,,,Ufficio stampa,PR / Comunicazione,https://fucina798.com
Immaginificio,Rimini,"Viale Carlo Matteucci 16, 47921",,0541 793222,Comunicazione grafica e web marketing,PR / Comunicazione,https://www.immaginificio.com/
Kamikaze Graphic Design,Rimini,"Via Aurelio Saffi, 37  47923 Rimini (RN)",rosadesain@hotmail.it,392 3936834,Grafica e web design,PR / Comunicazione,https://www.commerciantirimini.it/kamikaze-graphic-design/
Laboratorio Creativo Up,Rimini,"Via Montefeltro, 66  47923 Rimini (RN)",info@comunicazioneprogettazione.com,0541 1743087,Agenzia comunicazione,PR / Comunicazione,https://comunicazioneprogettazione.com/
Novacom,Rimini,"Piazza Malatesta, Rimini",,,Ufficio stampa,PR / Comunicazione,https://www.grupponovacom.it/ufficio-stampa/
Nuova Comunicazione ? Gruppo Novacom,Rimini,"Piazza Malatesta, 15  47923 Rimini (RN)",ravasio@nuovacomunicazione.it,+39 348 245 2508,Ufficio stampa e comunicazione,PR / Comunicazione,https://www.nuovacomunicazione.it/contatti/
Obliqua (Edita srl),Rimini,"Via Flaminia, 138  47923 Rimini (RN)",info@obliqua.it,0541 790882,Agenzia comunicazione,PR / Comunicazione,https://www.obliqua.it/contatti/
Promos Rimini,Rimini,"Via Sassonia 20, 47922",direzione@promosrimini.com,0541 742058,PubblicitÖ e comunicazione integrata,PR / Comunicazione,https://promosrimini.com/
Zona Attiva,Rimini,"Via Circonvallazione Meridionale, 20  47923 Rimini (RN)",info@zonattiva.eu,0541 718063,Agenzia comunicazione,PR / Comunicazione,https://zonattiva.eu/contatti/
Agenzia Camporesi,Cesena,"Via del Mare, 470  47521 Cesena (FC)",info@agenziacamporesi.it,+39 0547 403482,Termoidraulica,Artigiani,https://agenziacamporesi.it/
Bagnoli Leo e C.,Cesena,"Via Garampa 4, 47521",impiantielettricibagnoli@gmail.com,335 5252932,Impianti elettrici e domotica,Artigiani,https://www.bagnolileoimpianti.it/
Elettricista Guidi Roberto,Cesena,"Via Madonna dello Schioppo 164, 47521",,0547 631051,Impianti elettrici e automazioni,Artigiani,
FA-CE Falegnameria Cesenate,Cesena,"Via G. Pastore, 315  47522 Cesena (FC)",info@fa-ce.com,0547 333195,Falegnameria serramenti,Artigiani,https://m.fa-ce.com/it/contatti.php
Faeti Alfiero,Cesena,"Via L. Basso 321, Torre del Moro",info@faetialfiero.it,0547 335583,Impianti elettrici civili industriali,Artigiani,https://www.faetialfiero.it/
Falegnameria Montalti Bruno e Omero S.n.c.,Cesena,"Via Sorrento, 243  47522 San Carlo di Cesena (FC)",fal.montalti@libero.it,0547 663225,Falegnameria,Artigiani,https://www.falegnameriamontalti.it/contatti/
Falegnameria S. Giorgio snc,Cesena,"Via Tarcento, 251  47023 S. Giorgio di Cesena (FC)",falegnameriasgiorgio@gmail.com,0547 324303,Falegnameria,Artigiani,https://www.falegnameriasangiorgio.net/contatti/
Miserocchi Legno,Cesena,"Via G. Brodolini, 225  47522 San Vittore di Cesena (FC)",amministrazione@miserocchilegno.it,0547 333261,Falegnameria legno,Artigiani,https://www.miserocchilegno.com/contatti/
Pieraccini Cantieri,Cesena,"Via della Valle 224, 47522",alessandro.pieraccini@pieraccinicantieri.it,348 3958044,Impresa edile e costruzioni,Artigiani,https://www.pieraccinicantieri.it/
SIC Srl (SocietÖ Italtecnica Cesena),Cesena,"Via Fossalta, 3260  47522 Pievesestina di Cesena (FC)",info@sicsrl.com,0547 317898,Impianti tecnologici,Artigiani,https://sicsrl.com/contatti/
Termoidraulica Nerio Caporali,Cesena,"Via Rio Valle, 367  47522 Cesena (FC)",info@neriocaporali.it,+39 335 5207879,Termoidraulica,Artigiani,https://www.dittatermoidraulicaneriocaporali-cesena.it/contatti
Carpentedil Costruzioni,Coriano,"Via Montone, 14  47853 Coriano (RN)",info@carpentedilcostruzioni.com,+39 0541 656067,Impresa edile,Artigiani,https://www.carpentedilcostruzioni.com/contatti/
Edilzeta Srl,Diegaro di Cesena,Via Arla Vecchia 555,gianluca.edilzeta@libero.it,0547 347632,Impresa edile e ristrutturazioni,Artigiani,https://www.edilzetacesena.it/
Impresa Edile Ferraro,Montefiore Conca,"Via Valdiranco, 581  47834 Montefiore Conca (RN)",alessferra69@libero.it,+39 389 945 2205,Impresa edile,Artigiani,https://impresaedileferraro.it/contatti/
C.E.I.D.,Pesaro,"Via Solferino, 44  61122 Pesaro (PU)",info@ceidimpianti.com,+39 0721 454650,Impianti elettrici,Artigiani,https://www.ceidimpianti.com/contatti
Cecchini Fabio ? Fabbro,Pesaro,"Via Fratti Antonio 69/5, 61122",,0721 50880,Fabbro artigiano,Artigiani,
Elettroimpianti Ceccolini Giuliano & C. S.A.S.,Pesaro,"Via Galileo Galilei, 50  61122 Pesaro (PU)",elettro@diceccolini.191.it,0721 55194,Impianti elettrici,Artigiani,https://www.ceccolinielettroimpianti.com/contatti/
Fiorentini Srl,Pesaro,"Via del Burano 28, 61121",info@fiorentininfissi.com,0721 288050,Serramenti legno e alluminio,Artigiani,https://fiorentininfissi.com/
Guidi Impianti,Pesaro,Via Brigata G.A.P. 2/4  61122 Pesaro (PU),info@guidiimpianti.it,+39 0721 282062,Impianti e fotovoltaico,Artigiani,https://www.guidiimpianti.it/contatti/
Linea Impianti Srl,Pesaro,"Via Marco Minghetti, 69  61122 Pesaro (PU)",infolineaimp@gmail.com,,Impianti elettrici,Artigiani,https://lineaimpiantisrl.com/chi-siamo
Nicolini Infissi Srl,Pesaro,"Via Lombardia 19, 61122",infissinicolini@libero.it,0721 452260,Serramenti porte e arredo misura,Artigiani,https://www.nicolinisrl.com/
Renzoni Impianti Elettrici,Pesaro,"Via Aurelio Saffi, 22  61122 Pesaro (PU)",renzonisnc@gmail.com,+39 0721 413216,Impianti elettrici,Artigiani,https://www.renzoniimpiantielettrici.com/contatti/
Tecnoplast S.p.A.,Pesaro,"Via G. Bartolucci 3, 61122",,0721 917601,Infissi in PVC e alluminio,Artigiani,https://www.tecnoplastinfissi.com/
Tontini Alceo e C.,Pesaro,"Via Toscanini, 2/5  61122 Pesaro (PU)",info@tontini.it,+39 0721 453984,Impianti elettrici,Artigiani,https://www.tontinialceo.it/contatti
Baldolini Impianti,Riccione,"Via Bologna, 34  Riccione (RN)",amministrazione@baldolini.net,+39 0541 660352,Impianti elettrici,Artigiani,https://baldoliniimpianti.com/
Casadea s.r.l.,Riccione,"Via Adriatica, 15  47838 Riccione (RN)",info@casadea.biz,+39 0541 414643,Serramenti,Artigiani,https://www.casadea.biz/contatti/
Clima Contract Srl,Riccione,"Viale Albana 38, 47838",info@climacontract.it,0541 641688,Termoidraulica e impiantistica,Artigiani,https://climacontract.it/
Idraulico Riccione economico 24 ore,Riccione,,,3245317673,Idraulico,Artigiani,https://www.idraulico-24ore.com/idraulico-riccione/
Morganti Arredamenti,Riccione,,,,Falegnameria arredi,Artigiani,https://www.morgantisrl.com/produzione-arredi-legno-massello-artigianali-rimini-riccione/
Ottaviani Infissi S.r.l.,Riccione,"Viale Carpegna, 12  47838 Riccione (RN)",info@ottavianiinfissiriccione.com,0541 605827,Serramenti,Artigiani,https://www.ottavianiinfissiriccione.com/contattaci/
Progetto Casa,Riccione,"Via Riva del Garda, 19  47838 Riccione (RN)",progettocasariccione@gmail.com,,Serramenti,Artigiani,https://www.progettocasariccione.it/contatti
Pronto Intervento Idraulico Riccione,Riccione,,,3209303412,Idraulico,Artigiani,https://artigian.casa/idraulico-riccione/
Riccione Infissi,Riccione,"Viale Chianti, 8  47838 Riccione (RN)",riccione-infissi@libero.it,+39 0541 649832,Serramenti,Artigiani,https://www.riccioneinfissi.it/chi-siamo
Termoidraulica BFP,Riccione,,,,Termoidraulica,Artigiani,https://www.termoidraulicabfp.it
CAR Impianti Srl,Rimini,"Via Altobelli, 28  47900 Rimini (RN)",info@carimpianti.it,+39 0541 393173,Impianti termoidraulici,Artigiani,https://www.carimpianti.it/
Edile Costruzioni SRL,Rimini,"Via Flaminia, 185/B  47923 Rimini (RN)",edilecostruzioni@edilecostruzioni.com,+39 0541 395140,Impresa edile,Artigiani,https://www.edilecostruzioni.com/content/contatti
Edilnanni Srl,Rimini,"Via Bianca, 2  47922 Rimini (RN)",info@edilnanni.it,335 6137507,Impresa edile,Artigiani,https://www.edilnanni.it/contatti
Fabbricare,Rimini,"Via Achille Grandi, 13  47922 Rimini (RN)",info@fabbricare.com,0541 732020,Impresa edile,Artigiani,https://www.fabbricare.com/contatti.html
Falegnameria Bertozzi,Rimini,"Via Novella 19, 47922 Viserba",info@bertozzifalegnameria.it,0541 732260,Falegnameria artigianale su misura,Artigiani,https://www.bertozzifalegnameria.it/
Giovanardi Snc,Rimini,"Via Barcarola 2, 47922 Torre Pedrera",info@giovanardi-fabbro.it,0541 720455,Fabbro lavorazione ferro su misura,Artigiani,https://www.giovanardi-fabbro.it/
Idroador Termoidraulica,Rimini,"Via Pasquale Galluppi, 9  47924 Rimini (RN)",veli.h@icloud.com,+39 328 578 8481,Termoidraulica,Artigiani,https://idroadortermoidraulica.it/contatti/
Idrosanitaria Romagnola Srl,Rimini,"Via Flaminia 134, 47923",info@idroromagnola.com,0541 384209,Termoidraulica e arredo bagno,Artigiani,https://www.idroromagnola.it/
L?Angolo dei Serramenti SRL,Rimini,"Via Nuova Circonvallazione, 57/B  47923 Rimini (RN)",angolo.serramenti@gmail.com,+39 0541 795215,Serramenti,Artigiani,https://www.angolodeiserramentirimini.it/servizi/serramenti-su-misura-a-riccione/
Maioli Idrotermica Srl,Rimini,"Via Flaminia Conca, 77/B  47923 Rimini (RN)",office@maioli-idrotermicasrl.it,0541 1735714,Termoidraulica,Artigiani,https://www.maioli-idrotermicasrl.it/
Multitermo di Rinaldi Giuseppe,Rimini,"Via Selvapiana, 2  47922 Rimini (RN)",info@multitermo.com,0541 681216,Impianti idraulici,Artigiani,https://www.multitermo.com/index.php/contatti/
R.A. Falegnameria Dimensione Casa,Rimini,"Via M. Giudice 11, 47900",info@rafalegnameria.it,0541 756816,Falegnameria e arredi su misura,Artigiani,https://www.rafalegnameria.it/
Rimini Assistenza (Gasperini),Rimini,"Via Variano, 75  Santa Giustina (Rimini)",gasperini.assistenza@gmail.com,393 536 3874,Idraulico e assistenza caldaie,Artigiani,https://www.riminiassistenza.com/contatti/
Teknoidraulica,Rimini,"Via Sacramora, 69  Viserba di Rimini",info@teknoidraulica.com,0541 738177,Termoidraulica,Artigiani,https://teknoidraulica.com/contatti/
CasaMia Srl,San Giovanni in Marignano,"Via Mincio, 42/B  47842 San Giovanni in Marignano (RN)",info@casamiasrl.net,0541 786923,Serramenti,Artigiani,https://casamiasrl.net/contatti/
Falegnameria Lo Speciale,Santarcangelo di Romagna,"Via della Tecnica 5, 47822",info@lospeciale.it,0541 750765,Serramenti in legno su misura,Artigiani,https://www.lospeciale.it/
Ri-Legno,Bellaria Igea Marina,"Via Sassonia, 12  47922 Rimini (RN)",rilegno1@gmail.com,+39 320 8381510,Costruzioni in legno,Case in Legno,https://ri-legno.com/
Casanova Legnami SRL,Cesena,"Via Montefiore, 777  47521 Cesena (FC)",info@casanovalegnami.com,0547 384635,Legnami e tetti legno,Case in Legno,https://www.casanovalegnami.com/contatti/
Case in Legno Naturale,Cesena,"Sobborgo Eugenio Valzania, 45  47521 Cesena (FC)",direzione@caseinlegnonaturale.com,339 5733261,Case in legno,Case in Legno,https://www.tuttiaffari.com/case-in-legno-studio-tecnico-di-339-573-3261
Zero Energy Srl,Cesena,"Via R. Cadorna, 25  47522 Cesena (FC)",info@zeroenergysrl.it,0547 330762,Case in legno,Case in Legno,https://www.zeroenergysrl.it/case-in-legno/i-materiali.html
Ecocasa Service Srls,Cesenatico,"Via Cesenatico, 306  47042 Cesenatico (FC)",,+39 366 290 8875,Case prefabbricate,Case in Legno,https://www.ecocasaservice.it/
Casetta in legno.it (Angelini S.R.L.S),Colombarone,"Strada Statale 16 km 226 angolo strada ferrata, 61121 Colombarone (PU)",,,Strutture in legno,Case in Legno,https://www.strutturelegnorimini.com
Centrolegno S.r.l.,Fano,"Via Don Girolamo Volpini, 1  61032 Fano (PU)",info@centrolegnosrl.com,0721 855937,Edifici prefabbricati bioedilizia legno,Case in Legno,https://www.reteimprese.it/legname-costruzione/fano/azienda/2169224
Ecohouse S.r.l.,Forlç,"Via Pelacano 30/A, 47122",info@ecohousesrl.it,0543 24264,Case legno xlam bioedilizia,Case in Legno,https://ecohousesrl.it/
Albero Maestro,Forlç-Cesena,,,,Case in legno,Case in Legno,https://mondodesign.it/costruttori-case-legno-emilia-romagna/
ABETE Costruzioni in Legno,Misano Adriatico,Via Tavoleto 74,s.g.d.piero68@gmail.com,339 7810072,Costruzione case legno antisismiche,Case in Legno,https://www.costruzionecaseinlegno.com/
Casettainlegno.it ? Angelini SRLS,Montescudo,"Via Chitarrara, 2049  47854 Montescudo (RN)",info@casettainlegno.it,333 1646703,Casette strutture legno su misura,Case in Legno,https://www.casettainlegno.it/contatti
Case in legno C.G.,Pesaro,"Strada del Montefeltro, 4  61122 Pesaro (PU)",info@caseinlegnocg.com,328 6835475,Case in legno,Case in Legno,https://www.caseinlegnocg.com/contatti/
Legnotech S.r.l.,Pesaro,"Via degli Abeti, 42  61122 Pesaro (PU)",info@legnotech.net,0721 22389,Case e tetti legno,Case in Legno,https://legnotech.net/
Case Dani S.r.l.,Rimini (zona),,direzione@legnocasagreen.it,0174 585397,Case prefabbricate in legno,Case in Legno,https://www.casedani.com/
Albero Maestro S.r.l.,Savignano sul Rubicone,"Via E. Bevilacqua, 27  47039 Savignano sul Rubicone (FC)",info@alberomaestro.com,+39 0541 943666,Case tetti strutture in legno,Case in Legno,https://alberomaestro.com/
La Legnami srl,Savignano sul Rubicone,"Via PietÖ, 106  47039 Savignano sul Rubicone (FC)",info@legnamisavignano.it,0541 945102,Case legno xlam e telaio,Case in Legno,https://legnamisavignano.it/
Idea Arredo Srl,Urbania,"Via Monte San Pietro, 93  61049 Urbania (PU)",info@idea-arredo.com,0722 317394,Case in legno,Case in Legno,https://www.tuttiaffari.com/idea-arredo-srl_2a-0722-317394
Adricasa di Antonelli Claudia,Bellaria-Igea Marina,"Via Ravenna, 84/Z  47814 Bellaria-Igea Marina (RN)",claudia@adricasa.it,0541 333202,Agenzia immobiliare,Agenzia Immobiliare,https://www.adricasa.it/
CasaLAB,Bellaria-Igea Marina,"Via Guidi Paolo, 126  47814 Bellaria-Igea Marina (RN)",info@immobiliarecasalab.it,+39 0541 381653,Agenzia immobiliare,Agenzia Immobiliare,https://immobiliarecasalab.it/it/contatti
Evangelisti Casa,Bellaria-Igea Marina,"Viale Alfonso Pinzon, 228  47814 Bellaria-Igea Marina (RN)",,,Agenzia immobiliare,Agenzia Immobiliare,https://www.immobiliare.it/affitto-appartamenti/bellaria-igea-marina/con-giardino/
Lido Immobiliare,Bellaria-Igea Marina,"Via Panzini, 61  47814 Bellaria-Igea Marina (RN)",info@lidoimmobiliare.it,0541 341224,Agenzia immobiliare,Agenzia Immobiliare,https://www.lidoimmobiliare.it/contatti.asp
Romagnacase - Studio Bellaria,Bellaria-Igea Marina,"Piazza Giacomo Matteotti, 10  47814 Bellaria-Igea Marina (RN)",,0541 341092,Agenzia immobiliare,Agenzia Immobiliare,https://www.immobiliare.it/agenzie-immobiliari/398492/bellamaria-bellaria/
Agenzia Medri,Cesena,"Viale Carducci, 49  47521 Cesena (FC)",info@agenziamedri.com,+39 0547 22211,Vendita affitto immobili,Agenzia Immobiliare,https://agenziamedri.com/contatti/
Casa Facile,Cesena,"Corso Cavour, 76  47521 Cesena (FC)",info@agenziacasafacile.it,0547 610063,Agenzia immobiliare,Agenzia Immobiliare,https://www.agenziacasafacile.it/contatti
CasaFacile Agenzia Immobiliare,Cesena,"Corso Camillo Benso di Cavour 76, 47521 Cesena",,,Agenzia immobiliare,Agenzia Immobiliare,https://www.immobiliare.it/agenzie-immobiliari/8232/agenzia-casa-facile-cesena/
Che Casa Cesena,Cesena,"Viale Marconi, 1201  47521 Cesena (FC)",info@checasacesena.it,0547 480505,Agenzia immobiliare,Agenzia Immobiliare,https://www.checasacesena.it/ita/contatti
Immobiliare Cecchini,Cesena,"Corso Garibaldi, 40/A  47521 Cesena (FC)",info@immobiliarececchini.it,0547 22100,Compravendita immobili residenziali,Agenzia Immobiliare,https://www.immobiliarececchini.it/it/dovesiamo
Obiettivo Casa Cesena,Cesena,,info@obiettivocasacesena.it,0547 26004,Agenzia immobiliare,Agenzia Immobiliare,https://www.obiettivocasacesena.it/nostri-contatti/
Pianeta Casa,Cesena,"Viale Europa, 817  47521 Cesena (FC)",contatta@pianetacasacesena.it,0547 1951113,Agenzia immobiliare,Agenzia Immobiliare,https://pianetacasacesena.it/contatti
Vitali Immobiliare,Cesena,"Viale Giovanni Bovio, 375  47521 Cesena (FC)",info@vitalimmobiliare.it,0547 612016,Agenzia immobiliare,Agenzia Immobiliare,https://www.vitalimmobiliare.it/contatti/
WicÖ Magnani Immobiliare,Cesena,Via T. Maccio Plauto 715,info@wicaimmobiliare.it,0547 301383,Intermediazione immobiliare,Agenzia Immobiliare,https://www.wicaimmobiliare.it/
Agenzia Immobiliare Barducci,Cesenatico,"Viale Dei Mille, 90/A  47042 Cesenatico (FC)",agenzia@immobiliarebarducci.it,0547 071645,Agenzia immobiliare,Agenzia Immobiliare,https://www.immobiliarebarducci.it/contatti/
Agenzia Immobiliare Torelli,Cesenatico,"Via Polenta, 26  47521 Cesena (FC)",info@agenziaimmobiliareglobo.it,+39 0547 631708,Agenzia immobiliare,Agenzia Immobiliare,https://www.torelliagenziaimmobiliare.it
Agenzia Solaria,Cesenatico,"Viale Trento 37a, 47042",cesenatico@agenziasolaria.it,0547 672958,Vendita affitti immobili turistici,Agenzia Immobiliare,https://www.agenziasolaria.it/
Agenzia Valverde,Cesenatico,"Viale Carducci, 282  47042 Cesenatico (FC)",info@agenziavalverde.it,0547 86471,Agenzia immobiliare,Agenzia Immobiliare,https://www.immobiliare.it/es/agenzie-immobiliari/cesenatico/
Agenzia Zadina,Cesenatico,"Viale dei Pini, 47  47042 Zadina di Cesenatico (FC)",immobiliare@agenziazadina.it,0547 75579,Agenzia immobiliare,Agenzia Immobiliare,https://www.agenziazadina.it/contatti.html
Agenzia d?Affari Cesenatico Srl,Cesenatico,"Viale Roma, 56  47042 Cesenatico (FC)",info@agenziacesenatico.it,+39 0547 82175,Agenzia immobiliare,Agenzia Immobiliare,https://www.agenziacesenatico.it/
Carducci Mare,Cesenatico,"Viale A. Mantegna 56, 47042",,0547 86906,Vendita affitti case vacanze,Agenzia Immobiliare,https://carduccimare.com/contatti/
CasÖ Immobiliare,Cesenatico,"Viale Guglielmo Oberdan 642, 47521 Cesena",cesenatico@casaconlaccento.it,0547 672521,Agenzia immobiliare,Agenzia Immobiliare,https://www.casaconlaccento.it/contatti
Cesenatico Case,Cesenatico,"Viale L. da Vinci 32, 47042",,0547 675804,Compravendita affitto immobili,Agenzia Immobiliare,https://www.cesenaticocase.it/
Mizar Cesenatico,Cesenatico,"Viale Roma 67/69, 47042",cesenatico@vacanzemizar.it,0547 672542,Vendita affitti vacanze immobili,Agenzia Immobiliare,https://www.mizarcesenatico.it/
Studio Cesena Vigne (Tecnocasa),Cesenatico,"Viale Roma 77/79, 47042 Cesenatico",,,Agenzia immobiliare,Agenzia Immobiliare,https://www.immobiliare.it/agenzie-immobiliari/cesenatico/
Torelli Agenzia Immobiliare,Cesenatico,"Viale Trento, 29/A  47042 Cesenatico (FC)",info@torelliagenziaimmobiliare.it,0547 400126,Agenzia immobiliare,Agenzia Immobiliare,https://www.torelliagenziaimmobiliare.it/contatti/
Adriamar Agenzia Immobiliare,Pesaro,"Viale Zara 56, 61121",,0721 416974,Compravendita residenziale commerciale,Agenzia Immobiliare,https://www.adriamar.it/
Andreani Casa,Pesaro,Viale Giovanni Amendola 23/25  61121 Pesaro (PU),info@andreanicasa.it,0721 31638,Agenzia immobiliare,Agenzia Immobiliare,https://www.andreanicasa.it/
DOMEA Immobiliare,Pesaro,"Via Giovanni Giolitti, 159  61122 Pesaro (PU)",info@mondoimmobiliarepesaro.it,393 9320522,Agenzia immobiliare,Agenzia Immobiliare,https://www.mondoimmobiliarepesaro.it/contatti/
Falcioni Immobiliare,Pesaro,"Via A. Ugolini, 52  61122 Pesaro (PU)",baffioni.immobiliare@outlook.it,0721 410484,Vendita affitto case ville,Agenzia Immobiliare,https://www.falcionimmobiliare.com/contattaci
Immobiliare Via Branca 50,Pesaro,"Via Giovanni Branca, 55  61121 Pesaro (PU)",info@immobiliareviabranca50.it,0721 638884,Agenzia immobiliare,Agenzia Immobiliare,https://immobiliareviabranca50.it/
ItalCase,Pesaro,"Via Agostini, 1/1  61121 Pesaro (PU)",info@agenziaitalcase.it,+39 0721 67279,Agenzia immobiliare,Agenzia Immobiliare,https://www.agenziaitalcase.it/contatti/
Palas Immobiliare,Pesaro,"Via degli Abeti, 20  61122 Pesaro (PU)",web@palasimmobiliare.it,+39 334 1596782,Agenzia immobiliare,Agenzia Immobiliare,https://www.palasimmobiliare.it/contatti/
Stilcasa,Pesaro,"Via Vincenzo Rossi 74/1, 61122",info@stilcasapesaro.it,0721 415057,Compravendita consulenza immobiliare,Agenzia Immobiliare,https://www.stilcasapesaro.it/
Abitare Riccione,Riccione,"Viale Gramsci, 84  47838 Riccione (RN)",info@abitarericcione.com,0541 415090,Compravendita locazione immobili,Agenzia Immobiliare,https://abitarericcione.com/agenzia/james-estate-agents/
Adriacasa Agenzia Immobiliare,Riccione,,,,Agenzia immobiliare,Agenzia Immobiliare,http://www.adriacasa.com
Elicasa S.A.S.,Riccione,"Corso F.lli Cervi 234, 47838",,0541 601449,Intermediazione immobiliare,Agenzia Immobiliare,https://www.elicasa.it/
Immobiliare Abissinia,Riccione,"Viale Ceccarini, 225  47838 Riccione (RN)",info@immobiliaretardini.com,+39 0541 601860,Agenzia immobiliare,Agenzia Immobiliare,https://www.immobiliare.it/agenzie-immobiliari/riccione/
Riccione Casa Immobiliare,Riccione,"Viale Gramsci angolo Viale Martinelli 1, 47838 Riccione",riccioneimmobiliare@hotmail.com,0541 694208,Agenzia immobiliare,Agenzia Immobiliare,https://www.immobiliare.it/agenzie-immobiliari/208842/riccione-casa-riccione/
A Immobiliare Srls,Rimini,,rimini@immobiliareromagna.it,0541 770608,Vendita affitto immobili,Agenzia Immobiliare,
Agenzia d?Affari Flaminia,Rimini,"Via Flaminia Conca, 27  47923 Rimini (RN)",info@agenziaflaminia.it,331 5866692,Agenzia immobiliare,Agenzia Immobiliare,https://www.agenziaflaminia.it/
Boschi Immobiliare,Rimini,"Viale Guglielmo Marconi, 79  47924 Rimini (RN)",agenzia@boschimmobiliare.it,+39 0541 370911,Agenzia immobiliare,Agenzia Immobiliare,https://www.boschimmobiliare.it/contact/
Bottega Immobiliare Rimini,Rimini,"Via Dario Campana, 8/A  47922 Rimini (RN)",info@bottegaimmobiliarerimini.it,+39 320 250 4231,Agenzia immobiliare,Agenzia Immobiliare,https://www.bottegaimmobiliarerimini.it/contatti/
Casa Lanzi,Rimini,"Viale Tripoli 70, 47923",,0541 787871,Compravendita locazione immobili,Agenzia Immobiliare,https://www.casalanzi.it/
Chiodi Immobiliare,Rimini,"Via Flaminia Conca 23A, 47923 Rimini",,,Agenzia immobiliare,Agenzia Immobiliare,https://www.immobiliare.it/agenzie-immobiliari/rimini/
Daniela Pari Immobiliare,Rimini,,agenzia@danielapariimmobiliare.it,0541 385317,Agenzia immobiliare,Agenzia Immobiliare,https://www.immobiliare.it/annunci/124779533/
Dimensioni Immobiliari,Rimini,"Via Circonvallazione Meridionale, 84  47923 Rimini (RN)",info@dimensioniimmobiliari.com,0541 787478,Agenzia immobiliare,Agenzia Immobiliare,https://www.dimensioniimmobiliari.com/contatti
Eusebi Case,Rimini,,,,Agenzia immobiliare,Agenzia Immobiliare,https://www.eusebicase.it
Evolution Immobiliare,Rimini,"Via dei Martiri, 21  47924 Rimini (RN)",info@evolutionimmobiliare.it,0541 377352,Agenzia immobiliare,Agenzia Immobiliare,https://evolutionimmobiliare.it/contatti/
Immobiliare Bigiarini,Rimini,"Viale Italia, 31  47921 Rimini (RN)",agenzia@immobiliaresartini.com,+39 328 209 9901,Compravendita immobili certificati,Agenzia Immobiliare,https://www.immobiliaresartini.com/contatti/
Ricerca Immobiliare,Rimini,"Via Dario Campana, 123  47922 Rimini (RN)",ricercaimmobiliarerimini@gmail.com,371 6310793,Agenzia immobiliare,Agenzia Immobiliare,https://www.ricercaimmobiliare.com/
Europa Immobiliare,Santarcangelo di Romagna,"Via Santarcangelo-Bellaria, 60  47822 Santarcangelo di Romagna (RN)",canduccig55@gmail.com,0541 327528,Agenzia immobiliare,Agenzia Immobiliare,https://www.immobiliare.it/agenzie-immobiliari/22709/pegaso-101/
Primo Piano,Santarcangelo di Romagna,"Via Silvio Sancisi, 7  47822 Santarcangelo di Romagna (RN)",info@primopiano-agenziaimmobiliare.it,+39 0541 625746,Agenzia immobiliare,Agenzia Immobiliare,https://agenziaprimopiano.com/it/contatti.html
Studio Battistini Amministrazioni,Santarcangelo di Romagna,"Via Rodolfo Morandi, 2  47822 Santarcangelo di Romagna (RN)",mattia.battistinisrl@gmail.com,+39 0541 623529,Amministrazione immobiliare,Agenzia Immobiliare,https://www.studiobattistinisrl.com/contatti
Avv. Davide Ricci,Cesena,"Via A. Albertini 28/C, 47521",,353 4378903,Diritto commerciale e civile,Studio Legale,
Riccardo Luzi ? Avvocato,Cesena,"Via Umberto Saba, 541  47522 Cesena (FC)",luziriccardo1968@gmail.com,+39 0547 20450,Studio legale,Studio Legale,https://www.luziriccardo.it/
Studio Legale Andreucci,Cesena,Cesena (FC),,,Civile penale amministrativo bancario,Studio Legale,
Studio Legale Avv. Domenico Di Bari,Cesena,,,,Studio legale penale,Studio Legale,https://studioavvocatodibari.it
Studio Legale Avv. Francesco Lombardini,Cesena,"Via Annibale Albertini 28C, 47521 Cesena",,,Studio legale,Studio Legale,https://www.yelp.com/biz/avvocato-francesco-lombardini-studio-legale-cesena-cesena
Studio Legale Avv. Maria Giuseppina Maglione,Cesena,"Via Mura Barriera Ponente 19, 47521 Cesena",avv.mariamaglione@gmail.com,,Studio legale,Studio Legale,https://www.avvocatomaglione.it/contatti
Studio Legale Avv. Raffaele Pacifico,Cesena,,,,Studio legale,Studio Legale,https://studiolegale-pacifico.it
Studio Legale Gentili,Cesena,"Via Ex Tiro a Segno 20, 47522",sanzio@studiolegalegentili.it,0547 602208,Diritto civile penale e agrario,Studio Legale,https://www.studiolegalegentili.info
Studio Legale Mambelli,Cesena,"Via Natale dell'Amore, Cesena",,,Diritto civile ? studio familiare,Studio Legale,
Studio Legale Roveda Avv. G.,Cesena,"Via G. Bruno 118, 47521",avvocatoroveda@studiolegaleroveda.com,0547 632866,Diritto civile,Studio Legale,https://studiolegaleroveda.com
Studio Legale Sirotti Gaudenzi,Cesena,Cesena (FC),,,Diritto commerciale industriale civile,Studio Legale,
Avv. Chiara Brunelli,Cesenatico,"Viale De Amicis 15/C, 47042",,0547 81312,Diritto civile,Studio Legale,
Avv. Flora Del Console,Cesenatico,"Piazza Pirini Angelina 1, 47042",,0547 71093,Diritto civile,Studio Legale,
Avv. Giovanni L. Gusella,Cesenatico,"Via Mazzini G. 9, 47042",,0547 675345,Diritto civile,Studio Legale,
Studio Legale Mastrocinque,Cesenatico,"Viale Roma 36, 47042",,0547 81919,Diritto civile e commerciale,Studio Legale,
Avv. Alberto Perrulli,Pesaro,"Viale G. Vanzolini 24, 61121",,0721 67026,Diritto civile e famiglia,Studio Legale,
Avvocato Alessandro Pagnini,Pesaro,"Via San Francesco, 52  61121 Pesaro (PU)",alessandropagnini@hotmail.com,+39 0721 1543354,Studio legale,Studio Legale,https://alessandropagnini.wixsite.com/avvocato/contact
Bacciardi Partners Studio Legale (Pesaro),Pesaro,"Via Lino Liuti 2, 61122 Pesaro",segreteria@bacciardistudiolegale.it,0721 371139,Studio legale internazionale,Studio Legale,https://www.bacciardipartners.it/contatti/
Studio Legale Angelini Mattei & Caliendi,Pesaro,Pesaro (PU),angelini@studiolegale.ps.it,,Diritto civile e commerciale,Studio Legale,http://studiolegale.ps.it/
Studio Legale Brancati,Pesaro,"Viale XXIV Maggio 10, 61121 Pesaro",avv.brancati@studiolegalebrancati.com,0721 370109,Diritto commerciale e civile,Studio Legale,https://www.studiolegalebrancati.com/news-2/
Studio Legale Radicchi Amadori,Pesaro,"Viale A. Gramsci 16, 61121 Pesaro",,"""0721 65005","388 1667111""",Studio legale,Studio Legale
Studio Legale Terenzi,Pesaro,"Viale Vittoria 161, 61121",info@studiolegaleterenzi.com,0721 35400,Civile penale tributario familiare,Studio Legale,https://www.studiolegaleterenzi.com
Studio Legale Valazzi Avvocati,Pesaro,"Viale della Vittoria, 61121",,0721 32400,Civile societario commerciale crisi,Studio Legale,https://studiolegalevalazzi.com/
Studio Legale Valentini Avv. Aldo,Pesaro,"Via S.F. D'Assisi 30, 61121",info@avvocatoaldovalentini.it,0721 69345,Diritto civile amministrativo,Studio Legale,https://www.avvocatoaldovalentini.it
Avv. Matteo Piccioni,Riccione,"Viale Ceccarini, 134  47838 Riccione (RN)",matteo@studiopiccioni.net,0541 601124,Studio legale,Studio Legale,https://www.quiavvocato.com/studio-riccione/avv-matteo-piccioni/
Studio Legale Associato Campana,Riccione,"Via Dei Mille, 3  47838 Riccione (RN)",info@studiolegalecampana.it,0541 693353,Studio legale,Studio Legale,https://aziende.virgilio.it/avvocato/riccione-rn/studio-legale-associato-campana
Studio Legale Avv. Mirco Renzi,Riccione,"Viale S. Lorenzo 2, 47838 Riccione",,339 1322150,Studio legale penale,Studio Legale,https://iustlab.org/e/avvocati/riccione/
Studio Legale Cappelli Katia,Riccione,"Viale Sardegna 4, 47838",info@avvocatocappellikatia.it,333 2550735,Diritto civile commerciale immobiliare,Studio Legale,https://www.avvocatocappellikatia.it/
Studio Legale Zappavigna Giancarlo,Riccione,"Viale Ceccarini Maria 37/D, 47838 Riccione",,0541 640628,Studio legale,Studio Legale,https://www.virgilio.it/italia/riccione/cat/AVVOCATI_STUDI.html
Avv. Donata De Nittis,Rimini,"Corso d'Augusto 81, 47921",,0541 24252,Avvocato cassazionista civile,Studio Legale,
Avv. Ettore Coppola,Rimini,"Via Macanno 38/A, 47900",,0541 390624,Contratti e responsabilitÖ civile,Studio Legale,
Avv. Tiziana Casali,Rimini,"Via Gambalunga 14, 47921",,0541 21022,Diritto civile e famiglia,Studio Legale,
Avvocato Alessandro Barbera,Rimini,"Via Dante Alighieri, 82  47921 Rimini (RN)",info@avvocatobarbera.it,+39 0541 1498628,Studio legale,Studio Legale,https://www.avvocatobarbera.it/contatti/
Basile Studio Legale,Rimini,"Via Roma, 20  47921 Rimini (RN)",info@studiolegalebasile.com,+39 0541 51860,Studio legale,Studio Legale,https://studiolegalebasile.com/contatti.html
Studio Legale Alessandro Rinaldi & Jurist,Rimini,"Via Flaminia, 185/B  47923 Rimini (RN)",segreteria@arjrinaldi.it,0541 309076,Studio legale,Studio Legale,https://arjrinaldi.it/contatti/
Studio Legale Avv. Piccinini,Rimini,"Corso Giovanni XXIII 95, 47921",avv.piccininipaolo@libero.it,0541 709342,Diritto penale e civile,Studio Legale,https://www.studiopierpaolopiccinini.com
Studio Legale Barbiani,Rimini,"Via Carlo Pisacane 5, 47921 Rimini",info@studiolegalebarbiani.it,0541 783580,Studio legale,Studio Legale,https://studiolegalebarbiani.com/contatti/
Studio Legale Cedrini & Zamagni,Rimini,Rimini (RN),info@studiolegalecz.com,0541 52270,Diritto bancario e civile,Studio Legale,https://www.studiolegalecz.com
Studio Legale Ferrari Avv. Roberto,Rimini,"Piazza Ferrari 3/D, Rimini",,,Diritto civile e commerciale,Studio Legale,
Studio Legale Ghiselli,Rimini,"Via Andrea Costa 3/C, 47923 Rimini",info@studiolegaleghiselli.com,,Studio legale,Studio Legale,https://www.studiolegaleghiselli.com/contatti/
Studio Legale Mancini & Manfroni,Rimini,Rimini (RN),,0541 793047,Diritto civile e commerciale,Studio Legale,
Studio Legale Sagliocca,Rimini,Rimini (RN),avvocatosagliocca@gmail.com,0541 081644,Diritto immobiliare e condominiale,Studio Legale,https://www.studiolegalesagliocca.com/
Studio Legale Totti,Rimini,"Via Sigismondo Pandolfo Malatesta, 75  47921 Rimini (RN)",info@studiolegalemonti.com,+39 0541 784783,Studio legale,Studio Legale,https://www.studiolegalemonti.com/contatti/
Architetto Cristian Gori,Bellaria-Igea Marina,"Via Giorgetti, 38  47814 Bellaria-Igea Marina (RN)",info@architettocristiangori.it,0541 345658,Studio architettura,Professionista,https://architettocristiangori.it/contatti.htm
Ceroni Studio SRL,Cesena,"Via Piave 260, 47521",info@ceronistudio.it,0547 1932899,Commercialista consulenza fiscale,Professionista,https://www.ceronistudio.it
Ing. Luigi Battistini,Cesena,"Piazza Mario Guidazzi, 10  47521 Cesena (FC)",,0547 29356,Studio ingegneria,Professionista,https://www.ordineing-fc.it/iscritto/luigi-battistini-1918/
Ing. Marco Faedi,Cesena,"Via Europa, 655  47521 Cesena (FC)",faedimarco@studiofaedi.191.it,0547 611790,Studio ingegneria,Professionista,https://www.ingmarcofaedi.com/a56_contatti.html
Studio Acquaroli,Cesena,"Via G. Marinelli, 43  47521 Cesena (FC)",info@studioacquaroli.it,+39 0547 54270,Consulente del lavoro,Professionista,https://studioacquaroli.it/
Studio Elaborazione Dati SRL (Casalboni),Cesena,"Via Carlo Pisacane, 20  47521 Cesena (FC)",amministrazione@studiocasalboni.com,0547 301320,Servizi contabili,Professionista,https://www.studioelaborazionedatisrl.it/
Studio Gasperini ? Commercialisti Cesena,Cesena,"Viale Marconi, 472  47521 Cesena (FC)",infoweb@commercialisticesena.it,0547 645890,Commercialista,Professionista,https://www.commercialisticesena.it/contatti/
Zanoli Consulting,Cesena,"Via Martiri della LibertÖ, 1/C  47521 Cesena (FC)",info@zanoliconsulting.it,0547 21312,Commercialista,Professionista,https://www.zanoliconsulting.it/
Studio ARCH.I.T.,Cesenatico,"Via G. Bruno 7, 47042",architop@tin.it,0547 75372,Architettura ingegneria progettazione,Professionista,https://studioarchit.it
Studio Legale Battistini,Cesenatico,"Galleria Cavour, 24  47521 Cesena (FC)",avvbattistini@studiolegalebattistini.it,0547 611823,Commercialista,Professionista,https://www.studiolegalebattistini.it/contatti/
Silvagni Associati Consulting & Service,Misano Adriatico,Via Giuseppe Mazzini  47843 Misano Adriatico (RN),g.silvagni@iol.it,0541 613446,Commercialista,Professionista,https://www.commercialista.com/professionista/silvagni-associati-consulting-service-s-n-c/
Studio Commerciale Tenti,Morciano di Romagna,"Largo Centro Studi 19, 47833",studiotenti@tin.it,0541 987365,Commercialista consulenza fiscale,Professionista,https://www.studiocommercialetenti.com
Architetto Paolo Marconi,Pesaro,"Via Montello, 4  61121 Pesaro (PU)",studio@architettomarconi.it,+39 0721 32447,Studio architettura,Professionista,https://architettomarconi.it/
CMSM Studio Associato Commercialisti,Pesaro,,,,Studio commercialista,Professionista,https://www.cmsmcommercialisti.it
Cecilioni & Bernabucci Partners,Pesaro,,,,Studio commercialista,Professionista,https://www.studicommercialisti.com
Chiari e Mattiolo Associati,Pesaro,"Via Guidi, 30  61121 Pesaro (PU)",info@chiarimattiolo.it,0721 37791,Consulenza del lavoro aziendale,Professionista,https://www.chiarimattiolo.it/
Giacomo Crescentini,Pesaro,Via Lodovico Agostini  61121 Pesaro (PU),giacomocrescentini@gmail.com,0721 400445,Commercialista,Professionista,https://www.commercialista.com/professionista/giacomo-crescentini/
Massimo Falcioni,Pesaro,Viale Trieste  61121 Pesaro (PU),dottorfalcioni@studiofalcioni.info,0721 371302,Commercialista,Professionista,https://www.commercialista.com/professionista/massimo-falcioni/
Roberto Nesti,Pesaro,"Via del Novecento, 67/1  61122 Pesaro (PU)",info@robertonesti.it,+39 0721 413793,Consulente del lavoro,Professionista,https://www.robertonesti.it/contatti/
Studio Annarita Gili,Pesaro,"Viale Goffredo Mameli, 42  61121 Pesaro (PU)",studio@annaritagili.it,0721 405075,Consulente del lavoro,Professionista,https://consulentelavoropesaro.it/
Studio Cesaroni Commercialisti,Pesaro,"Via degli Abeti 24, 61122 Pesaro",,0721 259241,Studio commercialista,Professionista,https://www.studiocesaronipesaro.it
Studio Commerciale Petruzzi,Pesaro,"Via Nitti 34, 61122",,0721 455530,Commercialista consulenza aziendale,Professionista,https://www.studiopetruzzi.com
Studio Commerciale Ricci & Associati,Pesaro,,,0721 200173,Studio commercialista,Professionista,https://www.studioricciroberto.it
Studio De Rosa & Partners,Pesaro,"Via A. Ponchielli 77, 61122",giorgio@studioderosa.com,0721 452364,Commercialista e revisore legale,Professionista,https://www.studiocommercialederosa.com/lo-studio
Studio Giorgini Dott. Sergio,Pesaro,"Via degli Abeti, 42  61122 Pesaro (PU)",,0721 401794,Consulente del lavoro,Professionista,https://www.studiogiorgini.it/contatti/
Studio Marinelli Consulenza Lavoro,Pesaro,"Galleria dei Fonditori 3, 61122",,0721 430137,Consulenza del lavoro personale,Professionista,http://www.studiomarinelli.net
Trust Job Service (Claudia Faggi & Associati),Pesaro,"Via del Carso, 27  61121 Pesaro (PU)",paghe@trustmultiservizi.com,+39 0721 429203,Consulente del lavoro,Professionista,https://www.trustjobservice.it/
Lepri + Partners Architetti,Riccione,"Viale Parma 2, 47838",info@lepriepartners.it,0541 646032,Architettura progettazione edilizia,Professionista,https://www.lepriepartners.it
Paola Medici,Riccione,"Via Corridoni, 29  47838 Riccione (RN)",drmedici@studiomedici.it,0536 805664,Commercialista,Professionista,https://www.commercialista.com/professionista/dr-paola-medici/
Consulenti Associati Srl,Rimini,,,,Studio commercialista,Professionista,https://www.consulentiassociatisrl.it
Dott. Sebastiano Toni,Rimini,"Via Marecchiese, 91  Rimini (RN)",,0541 920851,Commercialista,Professionista,https://www.commercialistasebastianotoni.it/contatti/
Dott.ssa Tiziana Codella,Rimini,Piazzetta Carlo Zavagli  47921 Rimini (RN),tiziana.codella@gmail.com,0541 791794,Commercialista,Professionista,https://www.commercialista.com/professionista/dott-ssa-tiziana-codella/
Fólcros Studio Commerciale,Rimini,,,,Studio commercialista,Professionista,https://www.fulcros.it
Ghinelli Architettura,Rimini,Rimini,info@ghinelliarchitettura.it,0541 625013,Architetto progettazione e design,Professionista,https://www.ghinelliarchitettura.it
LOSTUDIOTECH S.R.L. STP,Rimini,"Via Pomposa, 43/A interno B  47924 Rimini (RN)",info@lostudiotech.it,+39 0541 183 5500,Commercialista,Professionista,https://www.lostudiotech.it/
Professionisti Riuniti,Rimini,,,,Commercialisti e consulenza,Professionista,https://www.professionistiriunitirn.it
STUDIO TI S.r.l.,Rimini,"Via Flaminia, 138  47923 Rimini (RN)",info@studioti.com,+39 0541 303611,Ingegneria e architettura,Professionista,https://www.studioti.com/
Savioli & Associati,Rimini,"Via Tripoli, 171  47923 Rimini (RN)",info@savioliassociati.com,0541 24731,Commercialista,Professionista,https://www.savioliassociati.com/
Stucomas Studi Commerciali Associati,Rimini,"P.tta Gregorio da Rimini, 1  47921 Rimini (RN)",info@stucomas.com,+39 0541 785284,Commercialista e revisore contabile,Professionista,https://www.stucomas.com/it/sede-contatti.php
Studio Commerciale Arcangeli-Ceccolini-Mordini (Elabora),Rimini,"Via Roma, 62  47921 Rimini (RN)",elaborarn@elaborarn.it,+39 0541 1737854,Commercialista,Professionista,https://www.studiocommercialeelabora.it/contatti
Studio Dott. Claudio Ciardi,Rimini,"Via Alessandro Gambalunga, 46  47921 Rimini (RN)",studio@ciardi.eu,0541 55586,Commercialista,Professionista,https://www.ciardi.eu/
Studio Mussoni e Soci,Rimini,,,,Consulenza lavoro/fiscale,Professionista,https://www.studiomussoni.com
Studio Partners,Rimini,"Via Agostino di Duccio, 8b  47921 Rimini (RN)",info@partnerstudio.com,+39 0541 787476,Commercialista,Professionista,https://www.studio-partners.it/
Studio Serralegri Magnani & Santolini,Rimini,"Corso dAugusto 26, Rimini",,,Studio commercialista,Professionista,https://www.studiocommercialeassociatorimini.it
Studio di Ingegneria A&S Automazione e Sistemi,Rimini,"Via Flaminia, 180  47924 Rimini (RN)",info@studio-as.it,+39 0541 791622,Studio ingegneria,Professionista,https://www.studio-as.it/contatti/
archiLab Studio d'Architettura,Rimini,"Viale Tiberio 28, 47921",info@archilabteam.com,,Studio architettura e design,Professionista,https://archilabteam.com
Nucci Consulenza,Vallefoglia,"Via Montefeltro, 64  61022 Montecchio di Vallefoglia (PU)",info@nucciconsulenza.it,0721 1720400,Consulente del lavoro,Professionista,https://www.nucciconsulenza.it/contatti/
DC Ingegneria,Villa Verucchio,"Via Statale Marecchia, 10/C  47826 Villa Verucchio (RN)",info@dcingegneria.com,+39 0541 734573,Ingegneria strutturale,Professionista,https://dcingegneria.com/
Dott. Rodolfo Novelli ? Podologo,Cesena,"Via Ancona 290, 47522",,,Podologia ambulatoriale,Podologo,
Dott.ssa Alessandra Spano ? Podologa,Cesena,"Poliambulatorio Kura Imaging, Cesena",,,Podologia ortesi biomeccanica,Podologo,
Dott.ssa Raffaella Rossi ? Podologa,Cesena,"Via Varazze 50, 47522",,347 1600519,Podologia trattamenti piede,Podologo,
Dott. Daniele Patti ? Podologo,Cesenatico,Cesenatico (FC),,,Pedicure curativo e podologia,Podologo,
Dott. Giacomo Delvecchio ? Podologo,Cesenatico,Cesenatico (FC),,,Podologia ortesi plantari posturologia,Podologo,
Dott.ssa Barbara Marconi ? Podologa,Cesenatico,Cesenatico (FC),,,Podologia disturbi posturali,Podologo,
Studio Podologia Dott.ssa Manfroni Adele,Coriano (RN),"Via Vittime del Lavoro 1, 47853",,0541 658274,Podologia plantari ortesi silicone,Podologo,https://manfroniadelepodologo.it/
Studio Braccia Francesca ? Podologa,Pesaro,Pesaro (PU),,,Podologia e cura piede,Podologo,
Podologo Arianna Burnaccioni,Pesaro / Fano,Pesaro e Fano (PU),,,Podologia ambulatoriale,Podologo,
Poliambulatorio Mendel ? Podologia,Riccione,"Viale dei Mille 19, 47838",,,Podologia ambulatoriale,Podologo,
Poliambulatorio Pegaso ? Dr.ssa G. Bucci,Riccione / Cattolica,Sedi Riccione e Cattolica,,,Podologia e patologie ungueali,Podologo,https://poliambulatoriopegaso.com/
Centro Medico Nuova Ricerca ? Podologia,Rimini,Rimini (RN),,,Podologia ambulatoriale diagnostica,Podologo,https://www.nuovaricerca.com/
Matteini Paola ? Podologo,Rimini,"Via Flaminia 183/M, 47923",,347 5797940,Pedicure curativo e podologia,Podologo,
Poliambulatorio Malatesta ? Podologia,Rimini,Rimini (RN),,0541 782751,Podologia ambulatoriale e ortesi,Podologo,https://www.poliambulatoriomalatesta.it/
Studio Podoclinic (Dott. Polverelli),Rimini,"Via Antonio Fogazzaro 111, 47924",,0541 1831140,Podologia cura piede ortesi plantari,Podologo,https://www.podoclinicrimini.it/
Dott.ssa Roberta Muzzati ? Podologo,Rimini / Santarcangelo / Cattolica,Sedi multiple,info@robertamuzzatipodologo.com,327 1674998,Podologia riabilitativa e sportiva,Podologo,https://www.robertamuzzatipodologo.com/
EXIS Centro Riabilitativo ? Podologia,Santarcangelo / Riccione,"Piazza G. Marconi 2, 47822 Santarcangelo",,0541 623123,Podologia osteopatia posturologia,Podologo,
Dott.ssa Nora Amati ? Podologo,Santarcangelo di Romagna,Santarcangelo di Romagna,,328 4254111,Podologia e benessere posturale,Podologo,
Studio Podologico Bedetti Dott.ssa Letizia,Santarcangelo di Romagna,"Via Cabina 20, 47822",,,Podologia cura piede e unghie,Podologo,
Centro Essere,Cesena,Cesena (FC),essereasd@gmail.com,0547 314689,Fitness benessere yoga pilates,Palestra,https://www.centroessere.it
Palestra Nuovo Centro Sportivo CittÖ di Cesena,Cesena,"Via Enzo Ferrari 315, 47521",info@palestracsc.it,333 3366966,Fitness sala pesi corsi sport,Palestra,https://www.palestracsc.it
Perfect Gym,Cesena,"Via Cesenatico 922, Cesena",,,Palestra e fitness,Palestra,
Dream Fitness Club,Cesenatico,"SS 16 Adriatica 2197, 47042",info@dreamfitnessclub.it,0547 075806,Fitness sala pesi corsi,Palestra,https://www.dreamfitnessclub.it
Elite Palestre S.n.c.,Cesenatico,"Viale Magellano 21, 47042",,,Fitness e sala pesi,Palestra,
New Pianeta Fitness ? Cesenatico,Cesenatico,"Viale M. Angeloni 379, 47521",info@newpianetafitness.it,349 5591117,Fitness personal training corsi,Palestra,https://www.newpianetafitness.com
Urban Fitness ? EMS,Cesenatico,"Viale A. Vespucci 14, 47042",,,EMS training personal fitness,Palestra,
Associazione Dilettantistica Babilonia,Pesaro,"Via Lucio Accio 15, Soria",elai04@hotmail.com,0721 403658,Fitness corsi aerobica crossfit,Palestra,
CEF Gym,Pesaro,"Via Paganini 31, 61122",info@cefgym.it,0721 454830,Body building fitness boxe,Palestra,https://www.palestracefgympesaro.it/
Family Fitness Center,Pesaro,"Via Cardinal Massaia 7, Pesaro",palestrafamily@gmail.com,0721 410269,Fitness femminile pilates corsi,Palestra,https://www.familyfitnesscenter.it
Fisio Gym Pesaro,Pesaro,"Strada Montefeltro 23, Pesaro",info@biggympesaro.it,0721 411474,Fitness fisioterapia riabilitazione,Palestra,https://www.palestrafisiogym.com
New Activa Centro Fitness,Pesaro,"Via Serra 108, zona Villa Fastiggi",palestranewactiva@libero.it,0721 282781,Fitness corsi tonificazione crossfit,Palestra,https://www.activafitness.com
Fast e Slim ASD,Riccione,Riccione (RN),,,Fitness dimagrimento tonificazione,Palestra,
Gold Wellness Academy,Riccione,"Viale Cervino, Riccione",,,Fitness benessere corsi,Palestra,
Gymnasium Club,Riccione,Riccione (RN),,,Fitness corsi benessere,Palestra,
Muscle Gym S.r.l.,Riccione,Riccione (RN),,,Body building fitness sala pesi,Palestra,
Athletic Thai Gym,Rimini,"Via Sebastiano Vanzi 16, 47900",,366 8241409,Muay Thai MMA BJJ fitness,Palestra,https://www.athleticthaigym.com/
Fitness Club Rimini,Rimini,"Via G. Oberdan 34, Rimini",accademiaartimarziali.rn@gmail.com,0541 21262,Fitness crossfit pilates fitboxe,Palestra,https://www.fitnessclubrimini.com/
Gruppo Pesisti Riminese A.S.D.,Rimini,Rimini (RN),,370 3477002,Powerlifting pesistica calisthenics,Palestra,https://www.gruppopesisti.it/
Hop Gym,Rimini,"Via Giovanni Meli 2, 47900",,0541 390535,Palestra e corsi fitness,Palestra,
ICON Palestre Rimini,Rimini,"Via Consolare RN-SM 17, 47923",,392 2681111,Fitness center 2.300 mq sala pesi,Palestra,
Krav Maga Difesa Italia ASD,Rimini,"Via Draghi A. 25, 47924",,349 3078331,Krav Maga e difesa personale,Palestra,
MiaGym ? Personal Fitness Club,Rimini,"Via Rimembranze 8, Rimini",,0541 391100,Personal training esclusivo ? club privato,Palestra,https://www.miagym.com/
MoveUP Sport Academy,Rimini,"Via Emilia Mariani 8, 47900",,389 1454938,Personal training kettlebell ginnastica,Palestra,
Schilling Squash & Gym,Rimini,"Via Antonio Draghi 33, 47924",schillingrimini@gmail.com,0541 306571,Fitness squash yoga arti marziali,Palestra,https://schillingrimini.it/
Steven Sporting Club,Rimini,Rimini (RN),,,Fitness piscina corsi personal trainer,Palestra,https://www.stevensportingclub.it/
Corposamente,Santarcangelo di Romagna,"Via Rossini 6, 47822",corposamente12@gmail.com,349 0691137,Fitness e benessere,Palestra,
Palestra Clorofilla,Santarcangelo di Romagna,"Via P. Tosi 318, 47822",commerciale@palestraclorofilla.it,338 7670808,Fitness corsi benessere,Palestra,https://www.palestraclorofilla.it
RaMi Benessere e Sport,Santarcangelo di Romagna,"Via Santarcangiolese 1017, 47822",rami.benesseresport@gmail.com,0541 623932,Fitness benessere sport,Palestra,https://www.ramibenesseresport.it
Artistiko,Pesaro,"Via del Carso, 17  61121 Pesaro (PU)",info@artistiko.net,339 7623006,Studio grafico,Altro,https://www.artistiko.net/
